{
  "ambient.flight": {
    "sounds": [
      "ambient/flight_loop"
    ],
    "category": "ambient"
  },
  "modifier.cryocharge": {
    "sounds": [
      "suit/cryo_charge"
    ],
    "category": "player"
  },
  "modifier.equipment.switch": {
    "sounds": [
      "suit/equipment/switch1",
      "suit/equipment/switch2",
      "suit/equipment/switch3",
      "suit/equipment/switch4",
      "suit/equipment/switch5",
      "suit/equipment/switch6"
    ],
    "category": "player"
  },
  "modifier.fireball": {
    "sounds": [
      "minecraft:mob/ghast/fireball4"
    ],
    "category": "player"
  },
  "modifier.repulsor.blast": {
    "sounds": [
      "suit/repulsor/blast"
    ],
    "category": "player"
  },
  "modifier.repulsor.charge": {
    "sounds": [
      "suit/repulsor/charge"
    ],
    "category": "player"
  },
  "modifier.repulsor.powerdown": {
    "sounds": [
      "suit/repulsor/powerdown"
    ],
    "category": "player"
  },
  "modifier.spell.cast": {
    "sounds": [
      "suit/spell_cast"
    ],
    "category": "player"
  },
  "modifier.spell.fail": {
    "sounds": [
      {
        "name": "minecraft:random/fizz",
        "pitch": 0.8
      }
    ],
    "category": "player"
  },
  "modifier.chargedbeam": {
    "sounds": [
      "suit/charged_beam_loop"
    ],
    "category": "player"
  },
  "modifier.heatvision": {
    "sounds": [
      "suit/heat_vision_loop"
    ],
    "category": "player"
  },
  "modifier.beam.cosmic": {
    "sounds": [
      "suit/cosmic_beam_loop"
    ],
    "category": "player"
  },
  "modifier.beam.antimatter": {
    "sounds": [
      "suit/antimatter_beam_loop"
    ],
    "category": "player"
  },
  "modifier.teleportation": {
    "sounds": [
      "suit/teleport"
    ],
    "category": "player"
  },
  "modifier.lightning": {
    "sounds": [
      "suit/lightning_cast"
    ],
    "category": "player"
  },
  "modifier.telekinesis.start": {
    "sounds": [
      "suit/telekinesis/start"
    ],
    "category": "player"
  },
  "modifier.telekinesis.loop": {
    "sounds": [
      "suit/telekinesis/loop"
    ],
    "category": "player"
  },
  "modifier.jetpack": {
    "sounds": [
      "suit/jetpack_loop"
    ],
    "category": "player"
  },
  "modifier.gliding.cape.enable": {
    "sounds": [
      "suit/cape/enable1",
      "suit/cape/enable2"
    ],
    "category": "player"
  },
  "modifier.gliding.cape.disable": {
    "sounds": [
      "suit/cape/disable1",
      "suit/cape/disable2"
    ],
    "category": "player"
  },
  "modifier.blade.enable": {
    "sounds": [
      "suit/blade/enable"
    ],
    "category": "player"
  },
  "modifier.blade.disable": {
    "sounds": [
      "suit/blade/disable"
    ],
    "category": "player"
  },
  "suit.pym.grow": {
    "sounds": [
      "suit/pym/grow"
    ],
    "category": "player"
  },
  "suit.pym.shrink": {
    "sounds": [
      "suit/pym/shrink"
    ],
    "category": "player"
  },
  "suit.atom.grow": {
    "sounds": [
      "suit/atom/grow"
    ],
    "category": "player"
  },
  "suit.atom.shrink": {
    "sounds": [
      "suit/atom/shrink"
    ],
    "category": "player"
  },
  "suit.ock.climb": {
    "sounds": [
      "suit/doc_ock/climb1",
      "suit/doc_ock/climb2",
      "suit/doc_ock/climb3"
    ],
    "category": "player"
  },
  "suit.ock.unanchor": {
    "sounds": [
      "suit/doc_ock/unanchor"
    ],
    "category": "player"
  },
  "suit.ock.enable": {
    "sounds": [
      "suit/doc_ock/enable"
    ],
    "category": "player"
  },
  "suit.ock.disable": {
    "sounds": [
      "suit/doc_ock/disable"
    ],
    "category": "player"
  },
  "suit.ock.grab": {
    "sounds": [
      "suit/doc_ock/grab_start"
    ],
    "category": "player"
  },
  "suit.ock.jab": {
    "sounds": [
      "suit/doc_ock/jab_start"
    ],
    "category": "player"
  },
  "suit.ock.strike": {
    "sounds": [
      "suit/doc_ock/strike_start"
    ],
    "category": "player"
  },
  "suit.ock.strike.blade": {
    "sounds": [
      "suit/doc_ock/strike_charged"
    ],
    "category": "player"
  },
  "suit.ironman.maskclose": {
    "sounds": [
      "suit/iron_man/mask_close"
    ],
    "category": "player"
  },
  "suit.ironman.maskopen": {
    "sounds": [
      "suit/iron_man/mask_open"
    ],
    "category": "player"
  },
  "suit.ironman.walk": {
    "sounds": [
      "suit/iron_man/walk"
    ],
    "category": "player"
  },
  "suit.ironman.beam.charge": {
    "sounds": [
      "suit/iron_man/beam/charge"
    ],
    "category": "player"
  },
  "suit.ironman.beam.loop": {
    "sounds": [
      "suit/iron_man/beam/loop"
    ],
    "category": "player"
  },
  "suit.ironman.beam.start": {
    "sounds": [
      "suit/iron_man/beam/start"
    ],
    "category": "player"
  },
  "suit.ironman.beam.stop": {
    "sounds": [
      "suit/iron_man/beam/stop"
    ],
    "category": "player"
  },
  "suit.ironman.nanotech.enable": {
    "sounds": [
      "suit/iron_man/nanotech/enable"
    ],
    "category": "player"
  },
  "suit.ironman.nanotech.disable": {
    "sounds": [
      "suit/iron_man/nanotech/disable"
    ],
    "category": "player"
  },
  "suit.ironman.nanotech.maskclose": {
    "sounds": [
      "suit/iron_man/nanotech/mask_close"
    ],
    "category": "player"
  },
  "suit.ironman.nanotech.maskopen": {
    "sounds": [
      "suit/iron_man/nanotech/mask_open"
    ],
    "category": "player"
  },
  "suit.ironman.nanotech.mk50.cannon.aim": {
    "sounds": [
      "suit/iron_man/nanotech/mk50_cannon_aim_start"
    ],
    "category": "player"
  },
  "suit.ironman.nanotech.mk50.cannon.static": {
    "sounds": [
      "suit/iron_man/nanotech/mk50_cannon_aim_static"
    ],
    "category": "player"
  },
  "suit.ironman.nanotech.mk50.cannon.retract": {
    "sounds": [
      "suit/iron_man/nanotech/mk50_cannon_aim_stop"
    ],
    "category": "player"
  },
  "suit.ironman.nanotech.mk50.cannon.shoot": {
    "sounds": [
      "suit/iron_man/nanotech/mk50_cannon_shoot"
    ],
    "category": "player"
  },
  "suit.ironman.nanotech.mk50.blade.enable": {
    "sounds": [
      "suit/iron_man/nanotech/weapon_enable"
    ],
    "category": "player"
  },
  "suit.ironman.nanotech.mk50.blade.disable": {
    "sounds": [
      "suit/iron_man/nanotech/weapon_disable"
    ],
    "category": "player"
  },
  "suit.ironman.nanotech.mk50.shield.enable": {
    "sounds": [
      {
        "name": "suit/iron_man/nanotech/weapon_enable",
        "pitch": 0.72
      }
    ],
    "category": "player"
  },
  "suit.ironman.nanotech.mk50.shield.disable": {
    "sounds": [
      {
        "name": "suit/iron_man/nanotech/weapon_disable",
        "pitch": 0.72
      }
    ],
    "category": "player"
  },
  "suit.ironman.nanotech.mk85.shield.enable": {
    "sounds": [
      "suit/iron_man/nanotech/mk85_shield_enable"
    ],
    "category": "player"
  },
  "suit.vision.intangibility.enable": {
    "sounds": [
      "suit/vision/intangibility_enable"
    ],
    "category": "player"
  },
  "suit.vision.intangibility.disable": {
    "sounds": [
      "suit/vision/intangibility_disable"
    ],
    "category": "player"
  },
  "suit.vision.mindstone.charge": {
    "sounds": [
      "suit/vision/mind_stone_charge"
    ],
    "category": "player"
  },
  "suit.vision.mindstone.start": {
    "sounds": [
      "suit/vision/mind_stone_start"
    ],
    "category": "player"
  },
  "suit.vision.mindstone.loop": {
    "sounds": [
      "suit/vision/mind_stone_loop"
    ],
    "category": "player"
  },
  "suit.vision.mindstone.stop": {
    "sounds": [
      "suit/vision/mind_stone_stop"
    ],
    "category": "player"
  },
  "suit.panther.claws.enable": {
    "sounds": [
      "suit/black_panther/claws_enable"
    ],
    "category": "player"
  },
  "suit.panther.claws.disable": {
    "sounds": [
      "suit/black_panther/claws_disable"
    ],
    "category": "player"
  },
  "suit.manta.beam.charge": {
    "sounds": [
      "suit/manta/beam_charge"
    ],
    "category": "player"
  },
  "suit.manta.beam.start": {
    "sounds": [
      "suit/manta/beam_start"
    ],
    "category": "player"
  },
  "suit.manta.beam.loop": {
    "sounds": [
      "suit/manta/beam_loop"
    ],
    "category": "player"
  },
  "suit.manta.beam.stop": {
    "sounds": [
      "suit/manta/beam_stop"
    ],
    "category": "player"
  },
  "batfish.click": {
    "sounds": [
      "batfish/button_click"
    ],
    "category": "master"
  },
  "batfish.coin": {
    "sounds": [
      "batfish/coin_pickup"
    ],
    "category": "master"
  },
  "batfish.death": {
    "sounds": [
      "batfish/death"
    ],
    "category": "master"
  },
  "batfish.explode": {
    "sounds": [
      "batfish/explode1",
      "batfish/explode2",
      "batfish/explode3",
      "batfish/explode4"
    ],
    "category": "master"
  },
  "batfish.pop": {
    "sounds": [
      "batfish/pop"
    ],
    "category": "master"
  },
  "batfish.scream": {
    "sounds": [
      "batfish/scream"
    ],
    "category": "master"
  },
  "batfish.title": {
    "sounds": [
      {
        "name": "batfish/title",
        "stream": true
      }
    ],
    "category": "master"
  },
  "batfish.whistle": {
    "sounds": [
      "batfish/whistle"
    ],
    "category": "master"
  },
  "batfish.woodbreak": {
    "sounds": [
      "batfish/woodbreak"
    ],
    "category": "master"
  },
  "batfish.world": {
    "sounds": [
      "batfish/world"
    ],
    "category": "master"
  },
  "block.nexussoil.ignite": {
    "sounds": [
      {
        "name": "minecraft:mob/ghast/fireball4",
        "pitch": 1.1
      }
    ],
    "category": "block"
  },
  "block.suitaugmentor.invest": {
    "sounds": [
      "block/suit_augmentor/invest"
    ],
    "category": "block"
  },
  "block.suitaugmentor.unlock": {
    "sounds": [
      "block/suit_augmentor/unlock"
    ],
    "category": "block"
  },
  "block.suitaugmentor.whoosh": {
    "sounds": [
      "block/suit_augmentor/whoosh"
    ],
    "category": "block"
  },
  "entity.arrow.grapple.disconnect": {
    "sounds": [
      "minecraft:mob/sheep/shear"
    ],
    "category": "master"
  },
  "entity.arrow.pufferfish.flop": {
    "sounds": [
      "entity/arrow/pufferfish/flop1",
      "entity/arrow/pufferfish/flop2",
      "entity/arrow/pufferfish/flop3",
      "entity/arrow/pufferfish/flop4"
    ],
    "category": "master"
  },
  "entity.arrow.pufferfish.primed": {
    "sounds": [
      "minecraft:random/fuse"
    ],
    "category": "master"
  },
  "entity.arrow.vine.snap": {
    "sounds": [
      "minecraft:mob/sheep/shear"
    ],
    "category": "master"
  },
  "entity.fireball.explode": {
    "sounds": [
      { "name": "minecraft:random/explode1", "pitch": 0.9 },
      { "name": "minecraft:random/explode2", "pitch": 0.9 },
      { "name": "minecraft:random/explode3", "pitch": 0.9 },
      { "name": "minecraft:random/explode4", "pitch": 0.9 }
    ],
    "category": "master"
  },
  "entity.freezegrenade.freeze": {
    "sounds": [
      "suit/cryo_charge"
    ],
    "category": "master"
  },
  "entity.icicle.impact": {
    "sounds": [
      "minecraft:random/glass1",
      "minecraft:random/glass2",
      "minecraft:random/glass3"
    ],
    "category": "master"
  },
  "item.battery.absorb": {
    "sounds": [
      "item/battery/absorb"
    ],
    "category": "block"
  },
  "item.battery.attach": {
    "sounds": [
      "item/battery/attach"
    ],
    "category": "player"
  },
  "item.battery.detach": {
    "sounds": [
      "item/battery/detach"
    ],
    "category": "player"
  },
  "item.battery.on": {
    "sounds": [
      "item/battery/on"
    ],
    "category": "block"
  },
  "item.bow.shoot": {
    "sounds": [
      "item/bow/shoot1",
      "item/bow/shoot2",
      "item/bow/shoot3"
    ],
    "category": "player"
  },
  "item.coldgun.aim": {
    "sounds": [
      "item/cold_gun/aim1",
      "item/cold_gun/aim2",
      "item/cold_gun/aim3"
    ],
    "category": "player"
  },
  "item.coldgun.grenade": {
    "sounds": [
      "item/cold_gun/grenade1",
      "item/cold_gun/grenade2"
    ],
    "category": "player"
  },
  "item.coldgun.static": {
    "sounds": [
      "item/cold_gun/static"
    ],
    "category": "player"
  },
  "item.coldgun.beam.start": {
    "sounds": [
      "item/cold_gun/beam_start"
    ],
    "category": "player"
  },
  "item.coldgun.beam.loop": {
    "sounds": [
      "item/cold_gun/beam_loop"
    ],
    "category": "player"
  },
  "item.coldgun.beam.stop": {
    "sounds": [
      "item/cold_gun/beam_stop"
    ],
    "category": "player"
  },
  "item.chronosrifle.shoot": {
    "sounds": [
      "item/laser_gun/shoot"
    ],
    "category": "player"
  },
  "item.ripsgun.shoot": {
    "sounds": [
      "item/laser_gun/shoot"
    ],
    "category": "player"
  },
  "item.shield.hit": {
    "sounds": [
      "item/shield/hit"
    ],
    "category": "master"
  },
  "item.shield.throw": {
    "sounds": [
      "item/shield/throw"
    ],
    "category": "player"
  },
  "mob.cactus.step": {
    "sounds": [
      "minecraft:mob/irongolem/walk1",
      "minecraft:mob/irongolem/walk2",
      "minecraft:mob/irongolem/walk3",
      "minecraft:mob/irongolem/walk4"
    ],
    "category": "neutral"
  },
  "mob.ironman.blast": {
    "sounds": [
      "suit/repulsor/blast"
    ],
    "category": "neutral"
  },
  "mob.ironman.charge": {
    "sounds": [
      "suit/repulsor/charge"
    ],
    "category": "neutral"
  },
  "mob.ironman.hurt": {
    "sounds": [
      "minecraft:mob/zombie/metal1",
      "minecraft:mob/zombie/metal2",
      "minecraft:mob/zombie/metal3"
    ],
    "category": "neutral"
  },
  "mob.ironman.powerdown": {
    "sounds": [
      "suit/repulsor/powerdown"
    ],
    "category": "neutral"
  },
  "random.batfish": {
    "sounds": [
      "random/batfish"
    ],
    "category": "block"
  },
  "random.fire.off": {
    "sounds": [
      {
        "name": "minecraft:random/fizz",
        "pitch": 0.8
      }
    ],
    "category": "player"
  },
  "random.fire.on": {
    "sounds": [
      {
        "name": "minecraft:mob/ghast/fireball4",
        "pitch": 1.2
      }
    ],
    "category": "player"
  },
  "random.spider": {
    "sounds": [
      "random/spider"
    ],
    "category": "player"
  }
}