{
  "ambient.flight": {
    "sounds": [
      "ambient/flight_loop"
    ],
    "category": "ambient"
  },
  "modifier.cryocharge": {
    "sounds": [
      "suit/cryo_charge"
    ],
    "category": "player"
  },
  "modifier.equipment.switch": {
    "sounds": [
      "suit/equipment/switch1",
      "suit/equipment/switch2",
      "suit/equipment/switch3",
      "suit/equipment/switch4",
      "suit/equipment/switch5",
      "suit/equipment/switch6"
    ],
    "category": "player"
  },
  "modifier.fireball": {
    "sounds": [
      "minecraft:mob/ghast/fireball4"
    ],
    "category": "player"
  },
  "modifier.repulsor.blast": {
    "sounds": [
      "suit/repulsor/blast"
    ],
    "category": "player"
  },
  "modifier.repulsor.charge": {
    "sounds": [
      "suit/repulsor/charge"
    ],
    "category": "player"
  },
  "modifier.repulsor.powerdown": {
    "sounds": [
      "suit/repulsor/powerdown"
    ],
    "category": "player"
  },
  "modifier.spell.cast": {
    "sounds": [
      "suit/spell_cast"
    ],
    "category": "player"
  },
  "modifier.spell.fail": {
    "sounds": [
      {
        "name": "minecraft:random/fizz",
        "pitch": 0.8
      }
    ],
    "category": "player"
  },
  "modifier.chargedbeam": {
    "sounds": [
      "suit/charged_beam_loop"
    ],
    "category": "player"
  },
  "modifier.heatvision": {
    "sounds": [
      "suit/heat_vision_loop"
    ],
    "category": "player"
  },
  "modifier.beam.cosmic": {
    "sounds": [
      "suit/cosmic_beam_loop"
    ],
    "category": "player"
  },
  "modifier.beam.antimatter": {
    "sounds": [
      "suit/antimatter_beam_loop"
    ],
    "category": "player"
  },
  "modifier.teleportation.breach": {
    "sounds": [
      "suit/teleportation/breach"
    ],
    "category": "player"
  },
  "modifier.teleportation.glow": {
    "sounds": [
      "suit/teleportation/glow"
    ],
    "category": "player"
  },
  "modifier.lightning": {
    "sounds": [
      "suit/lightning_cast"
    ],
    "category": "player"
  },
  "modifier.telekinesis.start": {
    "sounds": [
      "suit/telekinesis/start"
    ],
    "category": "player"
  },
  "modifier.telekinesis.loop": {
    "sounds": [
      "suit/telekinesis/loop"
    ],
    "category": "player"
  },
  "modifier.jetpack": {
    "sounds": [
      "suit/jetpack_loop"
    ],
    "category": "player"
  },
  "modifier.gliding.cape.enable": {
    "sounds": [
      "suit/cape/enable1",
      "suit/cape/enable2"
    ],
    "category": "player"
  },
  "modifier.gliding.cape.disable": {
    "sounds": [
      "suit/cape/disable1",
      "suit/cape/disable2"
    ],
    "category": "player"
  },
  "modifier.gliding.webwings.disable": {
    "sounds": [
      "suit/web_wings/disable"
    ],
    "category": "player"
  },
  "modifier.gliding.webwings.enable": {
    "sounds": [
      "suit/web_wings/enable"
    ],
    "category": "player"
  },
  "modifier.blade.enable": {
    "sounds": [
      "suit/blade/enable"
    ],
    "category": "player"
  },
  "modifier.blade.disable": {
    "sounds": [
      "suit/blade/disable"
    ],
    "category": "player"
  },
  "modifier.webswinging.stress": {
    "sounds": [
      "suit/web/swinging/stress_loop"
    ],
    "category": "player"
  },
  "modifier.webswinging.whoosh": {
    "sounds": [
      "suit/web/swinging/whoosh1",
      "suit/web/swinging/whoosh2",
      "suit/web/swinging/whoosh3",
      "suit/web/swinging/whoosh4",
      "suit/web/swinging/whoosh5",
      "suit/web/swinging/whoosh6",
      "suit/web/swinging/whoosh7",
      "suit/web/swinging/whoosh8",
      "suit/web/swinging/whoosh9"
    ],
    "category": "player"
  },
  "modifier.webswinging.enable": {
    "sounds": [
      "suit/web/swinging/enable"
    ],
    "category": "player"
  },
  "modifier.webswinging.disable": {
    "sounds": [
      "suit/web/swinging/disable"
    ],
    "category": "player"
  },
  "modifier.web.shoot": {
    "sounds": [
      "suit/web/shoot1",
      "suit/web/shoot2",
      "suit/web/shoot3"
    ],
    "category": "player"
  },
  "modifier.web.ps4.shoot": {
    "sounds": [
      "suit/web/ps4/shoot1",
      "suit/web/ps4/shoot2",
      "suit/web/ps4/shoot3"
    ],
    "category": "player"
  },
  "modifier.web.raimi.shoot": {
    "sounds": [
      "suit/web/raimi/shoot1",
      "suit/web/raimi/shoot2",
      "suit/web/raimi/shoot3"
    ],
    "category": "player"
  },
  "modifier.web.webb.shoot": {
    "sounds": [
      "suit/web/webb/shoot1",
      "suit/web/webb/shoot2"
    ],
    "category": "player"
  },
  "modifier.web.switch": {
    "sounds": [
      "suit/web/switch"
    ],
    "category": "player"
  },
  "modifier.shadowform.enable": {
    "sounds": [
      "suit/shadowform/enable"
    ],
    "category": "player"
  },
  "modifier.shadowform.disable": {
    "sounds": [
      "suit/shadowform/disable"
    ],
    "category": "player"
  },
  "modifier.shadowform.loop": {
    "sounds": [
      "suit/shadowform/loop"
    ],
    "category": "player"
  },
  "modifier.shadowdome.form": {
    "sounds": [
      "suit/shadowdome/form"
    ],
    "category": "player"
  },
  "modifier.shadowdome.form.loop": {
    "sounds": [
      "suit/shadowdome/form_loop"
    ],
    "category": "player"
  },
  "modifier.shadowdome.dissolve": {
    "sounds": [
      "suit/shadowdome/dissolve"
    ],
    "category": "player"
  },
  "modifier.shadowdome.cast.loop": {
    "sounds": [
      "suit/shadowdome/cast_loop"
    ],
    "category": "player"
  },
  "modifier.shadowchain.loop": {
    "sounds": [
      "suit/shadowchain/loop"
    ],
    "category": "player"
  },
  "modifier.shadowchain.release": {
    "sounds": [
      "suit/shadowchain/release"
    ],
    "category": "player"
  },
  "modifier.shadowchain.start": {
    "sounds": [
      "suit/shadowchain/start"
    ],
    "category": "player"
  },
  "modifier.gravitymanip.switch": {
    "sounds": [
      "suit/gravity_manipulation/switch"
    ],
    "category": "player"
  },
  "modifier.gravitymanip.wave": {
    "sounds": [
      "suit/gravity_manipulation/wave"
    ],
    "category": "player"
  },
  "modifier.healingfactor.loop": {
    "sounds": [
      "suit/healing_factor_loop"
    ],
    "category": "player"
  },
  
  
  
  "suit.pym.grow": {
    "sounds": [
      "suit/pym/grow"
    ],
    "category": "player"
  },
  "suit.pym.grow.giant": {
    "sounds": [
      "suit/pym/grow_giant"
    ],
    "category": "player"
  },
  "suit.pym.shrink": {
    "sounds": [
      "suit/pym/shrink"
    ],
    "category": "player"
  },
  "suit.atom.grow": {
    "sounds": [
      "suit/atom/grow"
    ],
    "category": "player"
  },
  "suit.atom.shrink": {
    "sounds": [
      "suit/atom/shrink"
    ],
    "category": "player"
  },
  "suit.ock.climb": {
    "sounds": [
      "suit/doc_ock/climb1",
      "suit/doc_ock/climb2",
      "suit/doc_ock/climb3"
    ],
    "category": "player"
  },
  "suit.ock.unanchor": {
    "sounds": [
      "suit/doc_ock/unanchor"
    ],
    "category": "player"
  },
  "suit.ock.enable": {
    "sounds": [
      "suit/doc_ock/enable"
    ],
    "category": "player"
  },
  "suit.ock.disable": {
    "sounds": [
      "suit/doc_ock/disable"
    ],
    "category": "player"
  },
  "suit.ock.grab": {
    "sounds": [
      "suit/doc_ock/grab_start"
    ],
    "category": "player"
  },
  "suit.ock.jab": {
    "sounds": [
      "suit/doc_ock/jab_start"
    ],
    "category": "player"
  },
  "suit.ock.strike": {
    "sounds": [
      "suit/doc_ock/strike_start"
    ],
    "category": "player"
  },
  "suit.ock.strike.blade": {
    "sounds": [
      "suit/doc_ock/strike_charged"
    ],
    "category": "player"
  },
  
  
  
  
  
  "suit.ironman.maskclose": {
    "sounds": [
      "suit/iron_man/mask_close"
    ],
    "category": "player"
  },
  "suit.ironman.maskopen": {
    "sounds": [
      "suit/iron_man/mask_open"
    ],
    "category": "player"
  },
  "suit.ironman.mk46.maskopen": {
    "sounds": [
      "suit/iron_man/mk46_mask_open"
    ],
    "category": "player"
  },
  "suit.ironman.mk46.maskclose": {
    "sounds": [
      "suit/iron_man/mk46_mask_close"
    ],
    "category": "player"
  },
  "suit.ironman.walk": {
    "sounds": [
      "suit/iron_man/walk"
    ],
    "category": "player"
  },
  "suit.ironman.boost.loop": {
    "sounds": [
      "suit/iron_man/boost_loop"
    ],
    "category": "player"
  },
  "suit.ironman.boost.start": {
    "sounds": [
      "suit/iron_man/boost_start"
    ],
    "category": "player"
  },
  "suit.ironman.flight.enable": {
    "sounds": [
      "suit/iron_man/flight_enable"
    ],
    "category": "player"
  },
  
  
  
  
  "suit.ironman.beam.charge": {
    "sounds": [
      "suit/iron_man/beam/charge"
    ],
    "category": "player"
  },
  "suit.ironman.beam.loop": {
    "sounds": [
      "suit/iron_man/beam/loop"
    ],
    "category": "player"
  },
  "suit.ironman.beam.start": {
    "sounds": [
      "suit/iron_man/beam/start"
    ],
    "category": "player"
  },
  "suit.ironman.beam.stop": {
    "sounds": [
      "suit/iron_man/beam/stop"
    ],
    "category": "player"
  },
  "suit.ironman.nanotech.enable": {
    "sounds": [
      "suit/iron_man/nanotech/enable"
    ],
    "category": "player"
  },
  "suit.ironman.nanotech.disable": {
    "sounds": [
      "suit/iron_man/nanotech/disable"
    ],
    "category": "player"
  },
  "suit.ironman.nanotech.maskclose": {
    "sounds": [
      "suit/iron_man/nanotech/mask_close"
    ],
    "category": "player"
  },
  "suit.ironman.nanotech.maskopen": {
    "sounds": [
      "suit/iron_man/nanotech/mask_open"
    ],
    "category": "player"
  },
  "suit.ironman.nanotech.mk50.cannon.aim": {
    "sounds": [
      "suit/iron_man/nanotech/mk50_cannon_aim_start"
    ],
    "category": "player"
  },
  "suit.ironman.nanotech.mk50.cannon.static": {
    "sounds": [
      "suit/iron_man/nanotech/mk50_cannon_aim_static"
    ],
    "category": "player"
  },
  "suit.ironman.nanotech.mk50.cannon.retract": {
    "sounds": [
      "suit/iron_man/nanotech/mk50_cannon_aim_stop"
    ],
    "category": "player"
  },
  "suit.ironman.nanotech.mk50.cannon.shoot": {
    "sounds": [
      "suit/iron_man/nanotech/mk50_cannon_shoot"
    ],
    "category": "player"
  },
  "suit.ironman.nanotech.mk50.blade.enable": {
    "sounds": [
      "suit/iron_man/nanotech/weapon_enable"
    ],
    "category": "player"
  },
  "suit.ironman.nanotech.mk50.blade.disable": {
    "sounds": [
      "suit/iron_man/nanotech/weapon_disable"
    ],
    "category": "player"
  },
  "suit.ironman.nanotech.mk50.shield.enable": {
    "sounds": [
      {
        "name": "suit/iron_man/nanotech/weapon_enable",
        "pitch": 0.72
      }
    ],
    "category": "player"
  },
  "suit.ironman.nanotech.mk50.shield.disable": {
    "sounds": [
      {
        "name": "suit/iron_man/nanotech/weapon_disable",
        "pitch": 0.72
      }
    ],
    "category": "player"
  },
  "suit.ironman.nanotech.mk85.shield.enable": {
    "sounds": [
      "suit/iron_man/nanotech/mk85_shield_enable"
    ],
    "category": "player"
  },
  "suit.ironman.nanotech.mk85.shield.disable": {
    "sounds": [
      {
        "name": "suit/iron_man/nanotech/mk85_shield_enable",
        "pitch": 0.72
      }
    ],
    "category": "player"
  },
  "suit.ironman.nanotech.mk85.shield.deflect": {
    "sounds": [
      "suit/iron_man/nanotech/mk85_shield_deflect"
    ],
    "category": "player"
  },
  "suit.ironman.nanotech.mk85.shield.block.start": {
    "sounds": [
      "suit/iron_man/nanotech/mk85_shield_block_start"
    ],
    "category": "player"
  },
  "suit.ironman.nanotech.mk85.shield.block.stop": {
    "sounds": [
      "suit/iron_man/nanotech/mk85_shield_block_stop"
    ],
    "category": "player"
  },
  
  
  
  
  
  
  
  "suit.vision.intangibility.enable": {
    "sounds": [
      "suit/vision/intangibility_enable"
    ],
    "category": "player"
  },
  "suit.vision.intangibility.disable": {
    "sounds": [
      "suit/vision/intangibility_disable"
    ],
    "category": "player"
  },
  "suit.vision.mindstone.charge": {
    "sounds": [
      "suit/vision/mind_stone_charge"
    ],
    "category": "player"
  },
  "suit.vision.mindstone.start": {
    "sounds": [
      "suit/vision/mind_stone_start"
    ],
    "category": "player"
  },
  "suit.vision.mindstone.loop": {
    "sounds": [
      "suit/vision/mind_stone_loop"
    ],
    "category": "player"
  },
  "suit.vision.mindstone.stop": {
    "sounds": [
      "suit/vision/mind_stone_stop"
    ],
    "category": "player"
  },
  "suit.panther.claws.enable": {
    "sounds": [
      "suit/black_panther/claws_enable"
    ],
    "category": "player"
  },
  "suit.panther.claws.disable": {
    "sounds": [
      "suit/black_panther/claws_disable"
    ],
    "category": "player"
  },
  "suit.manta.beam.charge": {
    "sounds": [
      "suit/manta/beam_charge"
    ],
    "category": "player"
  },
  "suit.manta.beam.start": {
    "sounds": [
      "suit/manta/beam_start"
    ],
    "category": "player"
  },
  "suit.manta.beam.loop": {
    "sounds": [
      "suit/manta/beam_loop"
    ],
    "category": "player"
  },
  "suit.manta.beam.stop": {
    "sounds": [
      "suit/manta/beam_stop"
    ],
    "category": "player"
  },
  "suit.antimonitor.grow": {
    "sounds": [
      "suit/anti_monitor/grow1",
      "suit/anti_monitor/grow2",
      "suit/anti_monitor/grow3",
      "suit/anti_monitor/grow4"
    ],
    "category": "player"
  },
  "suit.antimonitor.grow.roar": {
    "sounds": [
      "suit/anti_monitor/grow_roar"
    ],
    "category": "player"
  },
  "suit.antimonitor.grow.stop": {
    "sounds": [
      "suit/anti_monitor/grow_stop"
    ],
    "category": "player"
  },
  "suit.antimonitor.grow.antimatter": {
    "sounds": [
      "suit/anti_monitor/grow_antimatter"
    ],
    "category": "player"
  },
  "suit.antimonitor.walk": {
    "sounds": [
      "suit/anti_monitor/walk"
    ],
    "category": "player"
  },
  "suit.antimonitor.land": {
    "sounds": [
      "suit/anti_monitor/land"
    ],
    "category": "player"
  },
  "suit.antimonitor.shrink": {
    "sounds": [
      "suit/anti_monitor/shrink"
    ],
    "category": "player"
  },
  "suit.antimonitor.punch": {
    "sounds": [
      "suit/anti_monitor/punch"
    ],
    "category": "player"
  },
  "suit.antimonitor.blast.start": {
    "sounds": [
      "suit/anti_monitor/blast_start"
    ],
    "category": "player"
  },
  "suit.antimonitor.blast.loop": {
    "sounds": [
      "suit/anti_monitor/blast_loop"
    ],
    "category": "player"
  },
  "suit.antimonitor.forcefield": {
    "sounds": [
      "suit/anti_monitor/forcefield"
    ],
    "category": "player"
  },
  "suit.antimonitor.forcefield.deflect": {
    "sounds": [
      "suit/anti_monitor/forcefield_deflect"
    ],
    "category": "player"
  },
  "suit.antimonitor.shadowform.enable": {
    "sounds": [
      "suit/anti_monitor/shadowform_enable"
    ],
    "category": "player"
  },
  "suit.antimonitor.shadowform.disable": {
    "sounds": [
      "suit/anti_monitor/shadowform_disable"
    ],
    "category": "player"
  },
  "suit.mysterio.beam.aim": {
    "sounds": [
      "suit/mysterio/beam_aim"
    ],
    "category": "player"
  },
  "suit.mysterio.beam.loop": {
    "sounds": [
      "suit/mysterio/beam_loop"
    ],
    "category": "player"
  },
  "suit.mysterio.beam.start": {
    "sounds": [
      "suit/mysterio/beam_start"
    ],
    "category": "player"
  },
  "suit.mysterio.beam.stop": {
    "sounds": [
      "suit/mysterio/beam_stop"
    ],
    "category": "player"
  },
  "suit.mysterio.chargedbeam.loop": {
    "sounds": [
      "suit/mysterio/charged_beam_loop"
    ],
    "category": "player"
  },
  "suit.mysterio.chargedbeam.start": {
    "sounds": [
      "suit/mysterio/charged_beam_start"
    ],
    "category": "player"
  },
  "suit.mysterio.chargedbeam.stop": {
    "sounds": [
      "suit/mysterio/charged_beam_stop"
    ],
    "category": "player"
  },
  
  
  
  
  "batfish.click": {
    "sounds": [
      "batfish/button_click"
    ],
    "category": "master"
  },
  "batfish.coin": {
    "sounds": [
      "batfish/coin_pickup"
    ],
    "category": "master"
  },
  "batfish.death": {
    "sounds": [
      "batfish/death"
    ],
    "category": "master"
  },
  "batfish.explode": {
    "sounds": [
      "batfish/explode1",
      "batfish/explode2",
      "batfish/explode3",
      "batfish/explode4"
    ],
    "category": "master"
  },
  "batfish.pop": {
    "sounds": [
      "batfish/pop"
    ],
    "category": "master"
  },
  "batfish.scream": {
    "sounds": [
      "batfish/scream"
    ],
    "category": "master"
  },
  "batfish.title": {
    "sounds": [
      {
        "name": "batfish/title",
        "stream": true
      }
    ],
    "category": "master"
  },
  "batfish.whistle": {
    "sounds": [
      "batfish/whistle"
    ],
    "category": "master"
  },
  "batfish.woodbreak": {
    "sounds": [
      "batfish/woodbreak"
    ],
    "category": "master"
  },
  "batfish.world": {
    "sounds": [
      "batfish/world"
    ],
    "category": "master"
  },
  "block.nexussoil.ignite": {
    "sounds": [
      {
        "name": "minecraft:mob/ghast/fireball4",
        "pitch": 1.1
      }
    ],
    "category": "block"
  },
  "block.pizza.step": {
    "sounds": [
      "block/pizza/step1",
      "block/pizza/step2",
      "block/pizza/step3",
      "block/pizza/step4",
      "block/pizza/step5",
      "block/pizza/step6"
    ],
    "category": "block"
  },
  "block.pizza.dig": {
    "sounds": [
      "block/pizza/dig1",
      "block/pizza/dig2",
      "block/pizza/dig3",
      "block/pizza/dig4"
    ],
    "category": "block"
  },
  "block.pizzabox.close": {
    "sounds": [
      "block/pizza_box/close"
    ],
    "category": "block"
  },
  "block.pizzabox.open": {
    "sounds": [
      "block/pizza_box/open"
    ],
    "category": "block"
  },
  "block.suitaugmentor.invest": {
    "sounds": [
      "block/suit_augmentor/invest"
    ],
    "category": "block"
  },
  "block.suitaugmentor.unlock": {
    "sounds": [
      "block/suit_augmentor/unlock"
    ],
    "category": "block"
  },
  "block.suitaugmentor.whoosh": {
    "sounds": [
      "block/suit_augmentor/whoosh"
    ],
    "category": "block"
  },
  "block.suitdatabase.unlock": {
    "sounds": [
      "block/suit_database/unlock"
    ],
    "category": "block"
  },
  "block.suitfabricator.print": {
    "sounds": [
      "block/suit_fabricator/print_loop"
    ],
    "category": "block"
  },
  "entity.arrow.grapple.disconnect": {
    "sounds": [
      "minecraft:mob/sheep/shear"
    ],
    "category": "master"
  },
  "entity.arrow.pufferfish.flop": {
    "sounds": [
      "entity/arrow/pufferfish/flop1",
      "entity/arrow/pufferfish/flop2",
      "entity/arrow/pufferfish/flop3",
      "entity/arrow/pufferfish/flop4"
    ],
    "category": "master"
  },
  "entity.arrow.pufferfish.primed": {
    "sounds": [
      "minecraft:random/fuse"
    ],
    "category": "master"
  },
  "entity.arrow.vine.snap": {
    "sounds": [
      "minecraft:mob/sheep/shear"
    ],
    "category": "master"
  },
  "entity.fireball.explode": {
    "sounds": [
      { "name": "minecraft:random/explode1", "pitch": 0.9 },
      { "name": "minecraft:random/explode2", "pitch": 0.9 },
      { "name": "minecraft:random/explode3", "pitch": 0.9 },
      { "name": "minecraft:random/explode4", "pitch": 0.9 }
    ],
    "category": "master"
  },
  "entity.freezegrenade.freeze": {
    "sounds": [
      "suit/cryo_charge"
    ],
    "category": "master"
  },
  "entity.icicle.impact": {
    "sounds": [
      "minecraft:random/glass1",
      "minecraft:random/glass2",
      "minecraft:random/glass3"
    ],
    "category": "master"
  },
  "entity.webrope.cut": {
    "sounds": [
      "minecraft:mob/sheep/shear"
    ],
    "category": "master"
  },
  "entity.web.bounce": {
    "sounds": [
      "entity/web/bounce"
    ],
    "category": "master"
  },
  "item.battery.absorb": {
    "sounds": [
      "item/battery/absorb"
    ],
    "category": "block"
  },
  "item.battery.attach": {
    "sounds": [
      "item/battery/attach"
    ],
    "category": "player"
  },
  "item.battery.detach": {
    "sounds": [
      "item/battery/detach"
    ],
    "category": "player"
  },
  "item.battery.on": {
    "sounds": [
      "item/battery/on"
    ],
    "category": "block"
  },
  "item.bow.shoot": {
    "sounds": [
      "item/bow/shoot1",
      "item/bow/shoot2",
      "item/bow/shoot3"
    ],
    "category": "player"
  },
  "item.coldgun.aim": {
    "sounds": [
      "item/cold_gun/aim1",
      "item/cold_gun/aim2",
      "item/cold_gun/aim3"
    ],
    "category": "player"
  },
  "item.coldgun.grenade": {
    "sounds": [
      "item/cold_gun/grenade1",
      "item/cold_gun/grenade2"
    ],
    "category": "player"
  },
  "item.coldgun.static": {
    "sounds": [
      "item/cold_gun/static"
    ],
    "category": "player"
  },
  "item.coldgun.beam.start": {
    "sounds": [
      "item/cold_gun/beam_start"
    ],
    "category": "player"
  },
  "item.coldgun.beam.loop": {
    "sounds": [
      "item/cold_gun/beam_loop"
    ],
    "category": "player"
  },
  "item.coldgun.beam.stop": {
    "sounds": [
      "item/cold_gun/beam_stop"
    ],
    "category": "player"
  },
  "item.chronosrifle.shoot": {
    "sounds": [
      "item/laser_gun/shoot"
    ],
    "category": "player"
  },
  "item.ripsgun.shoot": {
    "sounds": [
      "item/laser_gun/shoot"
    ],
    "category": "player"
  },
  "item.shield.hit": {
    "sounds": [
      "item/shield/hit"
    ],
    "category": "master"
  },
  "item.shield.throw": {
    "sounds": [
      "item/shield/throw"
    ],
    "category": "player"
  },
  "mob.cactus.step": {
    "sounds": [
      "minecraft:mob/irongolem/walk1",
      "minecraft:mob/irongolem/walk2",
      "minecraft:mob/irongolem/walk3",
      "minecraft:mob/irongolem/walk4"
    ],
    "category": "neutral"
  },
  "mob.creetle.death": {
    "sounds": [
      "mob/creetle/death1",
      "mob/creetle/death2",
      "mob/creetle/death3"
    ],
    "category": "hostile"
  },
  "mob.creetle.hurt": {
    "sounds": [
      "mob/creetle/hurt1",
      "mob/creetle/hurt2",
      "mob/creetle/hurt3"
    ],
    "category": "hostile"
  },
  "mob.creetle.say": {
    "sounds": [
      {
        "name": "mob/creetle/say",
        "pitch": 0.8
      },
      {
        "name": "mob/creetle/say"
      },
      {
        "name": "mob/creetle/say",
        "pitch": 1.1
      }
    ],
    "category": "hostile"
  },
  "mob.creetle.step": {
    "sounds": [
      "mob/creetle/step1",
      "mob/creetle/step2",
      "mob/creetle/step3"
    ],
    "category": "hostile"
  },
  "mob.ironman.blast": {
    "sounds": [
      "suit/repulsor/blast"
    ],
    "category": "neutral"
  },
  "mob.ironman.charge": {
    "sounds": [
      "suit/repulsor/charge"
    ],
    "category": "neutral"
  },
  "mob.ironman.hurt": {
    "sounds": [
      "minecraft:mob/zombie/metal1",
      "minecraft:mob/zombie/metal2",
      "minecraft:mob/zombie/metal3"
    ],
    "category": "neutral"
  },
  "mob.ironman.powerdown": {
    "sounds": [
      "suit/repulsor/powerdown"
    ],
    "category": "neutral"
  },
  "random.batfish": {
    "sounds": [
      "random/batfish"
    ],
    "category": "block"
  },
  "random.fire.off": {
    "sounds": [
      {
        "name": "minecraft:random/fizz",
        "pitch": 0.8
      }
    ],
    "category": "player"
  },
  "random.fire.on": {
    "sounds": [
      {
        "name": "minecraft:mob/ghast/fireball4",
        "pitch": 1.2
      }
    ],
    "category": "player"
  },
  "random.spider": {
    "sounds": [
      "random/spider"
    ],
    "category": "player"
  }
}